generation,name,Body_Style,hp,defense,attack,sp_defense,sp_attack,speed,base_total,capture_rate,base_happiness,experience_growth,height_m,weight_kg,percentage_male
1,Bulbasaur,quadruped,45,49,49,65,65,45,318,45,70,1059860,0.7,6.9,88.1
1,Ivysaur,quadruped,60,63,62,80,80,60,405,45,70,1059860,1.0,13.0,88.1
1,Venusaur,quadruped,80,123,100,120,122,80,625,45,70,1059860,2.0,100.0,88.1
1,Charmander,bipedal_tailed,39,43,52,50,60,65,309,45,70,1059860,0.6,8.5,88.1
1,Charmeleon,bipedal_tailed,58,58,64,65,80,80,405,45,70,1059860,1.1,19.0,88.1
1,Charizard,bipedal_tailed,78,78,104,115,159,100,634,45,70,1059860,1.7,90.5,88.1
1,Squirtle,bipedal_tailed,44,65,48,64,50,43,314,45,70,1059860,0.5,9.0,88.1
1,Wartortle,bipedal_tailed,59,80,63,80,65,58,405,45,70,1059860,1.0,22.5,88.1
1,Blastoise,bipedal_tailed,79,120,103,115,135,78,630,45,70,1059860,1.6,85.5,88.1
1,Caterpie,insectoid,45,35,30,20,20,45,195,255,70,1000000,0.3,2.9,50.0
1,Metapod,serpentine_body,50,55,20,25,25,30,205,120,70,1000000,0.7,9.9,50.0
1,Butterfree,four_wings,60,50,45,80,90,70,395,45,70,1000000,1.1,32.0,50.0
1,Weedle,serpentine_body,40,30,35,20,20,50,195,255,70,1000000,0.3,3.2,50.0
1,Kakuna,serpentine_body,45,50,25,25,25,35,205,120,70,1000000,0.6,10.0,50.0
1,Beedrill,four_wings,65,40,150,80,15,145,495,45,70,1000000,1.0,29.5,50.0
1,Pidgey,two_wings,40,40,45,35,35,56,251,255,70,1059860,0.3,1.8,50.0
1,Pidgeotto,two_wings,63,55,60,50,50,71,349,120,70,1059860,1.1,30.0,50.0
1,Pidgeot,two_wings,83,80,80,80,135,121,579,45,70,1059860,1.5,39.5,50.0
1,Rattata,quadruped,30,35,56,35,25,72,253,255,70,1000000,,,50.0
1,Raticate,quadruped,75,70,71,80,40,77,413,127,70,1000000,,,50.0
1,Spearow,two_wings,40,30,60,31,31,70,262,255,70,1000000,0.3,2.0,50.0
1,Fearow,two_wings,65,65,90,61,61,100,442,90,70,1000000,1.2,38.0,50.0
1,Ekans,serpentine_body,35,44,60,54,40,55,288,255,70,1000000,2.0,6.9,50.0
1,Arbok,serpentine_body,60,69,95,79,65,80,448,90,70,1000000,3.5,65.0,50.0
1,Pikachu,quadruped,35,40,55,50,50,90,320,190,70,1000000,0.4,6.0,50.0
1,Raichu,bipedal_tailed,60,50,85,85,95,110,485,75,70,1000000,,,50.0
1,Sandshrew,bipedal_tailed,50,90,75,35,10,40,300,255,70,1000000,,,50.0
1,Sandslash,bipedal_tailed,75,120,100,65,25,65,450,90,70,1000000,,,50.0
1,Nidoran♀,quadruped,55,52,47,40,40,41,275,235,70,1059860,0.4,7.0,0.0
1,Nidorina,quadruped,70,67,62,55,55,56,365,120,70,1059860,0.8,20.0,0.0
1,Nidoqueen,bipedal_tailed,90,87,92,85,75,76,505,45,70,1059860,1.3,60.0,0.0
1,Nidoran♂,quadruped,46,40,57,40,40,50,273,235,70,1059860,0.5,9.0,100.0
1,Nidorino,quadruped,61,57,72,55,55,65,365,120,70,1059860,0.9,19.5,100.0
1,Nidoking,bipedal_tailed,81,77,102,75,85,85,505,45,70,1059860,1.4,62.0,100.0
1,Clefairy,bipedal_tailed,70,48,45,65,60,35,323,150,140,800000,0.6,7.5,24.6
1,Clefable,bipedal_tailed,95,73,70,90,95,60,483,25,140,800000,1.3,40.0,24.6
1,Vulpix,quadruped,38,40,41,65,50,65,299,190,70,1000000,,,24.6
1,Ninetales,quadruped,73,75,67,100,81,109,505,75,70,1000000,,,24.6
1,Jigglypuff,bipedal_tailless,115,20,45,25,45,20,270,170,70,800000,0.5,5.5,24.6
1,Wigglytuff,bipedal_tailless,140,45,70,50,85,45,435,50,70,800000,1.0,12.0,24.6
1,Zubat,two_wings,40,35,45,40,30,55,245,255,70,1000000,0.8,7.5,50.0
1,Golbat,two_wings,75,70,80,75,65,90,455,90,70,1000000,1.6,55.0,50.0
1,Oddish,head_legs,45,55,50,65,75,30,320,255,70,1059860,0.5,5.4,50.0
1,Gloom,bipedal_tailless,60,70,65,75,85,40,395,120,70,1059860,0.8,8.6,50.0
1,Vileplume,bipedal_tailless,75,85,80,90,110,50,490,45,70,1059860,1.2,18.6,50.0
1,Paras,insectoid,35,55,70,55,45,25,285,190,70,1000000,0.3,5.4,50.0
1,Parasect,insectoid,60,80,95,80,60,30,405,75,70,1000000,1.0,29.5,50.0
1,Venonat,bipedal_tailless,60,50,55,55,40,45,305,190,70,1000000,1.0,30.0,50.0
1,Venomoth,four_wings,70,60,65,75,90,90,450,75,70,1000000,1.5,12.5,50.0
1,Diglett,head_base,10,30,55,45,35,90,265,255,70,1000000,,,50.0
1,Dugtrio,multiple_bodies,35,60,100,70,50,110,425,50,70,1000000,,,50.0
1,Meowth,quadruped,40,35,35,40,50,90,290,255,70,1000000,,,50.0
1,Persian,quadruped,65,60,60,65,75,115,440,90,70,1000000,,,50.0
1,Psyduck,bipedal_tailed,50,48,52,50,65,55,320,190,70,1000000,0.8,19.6,50.0
1,Golduck,bipedal_tailed,80,78,82,80,95,85,500,75,70,1000000,1.7,76.6,50.0
1,Mankey,bipedal_tailed,40,35,80,45,35,70,305,190,70,1000000,0.5,28.0,50.0
1,Primeape,bipedal_tailed,65,60,105,70,60,95,455,75,70,1000000,1.0,32.0,50.0
1,Growlithe,quadruped,55,45,70,50,70,60,350,190,70,1250000,0.7,19.0,75.4
1,Arcanine,quadruped,90,80,110,80,100,95,555,75,70,1250000,1.9,155.0,75.4
1,Poliwag,head_legs,40,40,50,40,40,90,300,255,70,1059860,0.6,12.4,50.0
1,Poliwhirl,bipedal_tailless,65,65,65,50,50,90,385,120,70,1059860,1.0,20.0,50.0
1,Poliwrath,bipedal_tailless,90,95,95,90,70,70,510,45,70,1059860,1.3,54.0,50.0
1,Abra,bipedal_tailed,25,15,20,55,105,90,310,200,70,1059860,0.9,19.5,75.4
1,Kadabra,bipedal_tailed,40,30,35,70,120,105,400,100,70,1059860,1.3,56.5,75.4
1,Alakazam,bipedal_tailless,55,65,50,105,175,150,600,50,70,1059860,1.5,48.0,75.4
1,Machop,bipedal_tailed,70,50,80,35,35,35,305,180,70,1059860,0.8,19.5,75.4
1,Machoke,bipedal_tailless,80,70,100,60,50,45,405,90,70,1059860,1.5,70.5,75.4
1,Machamp,bipedal_tailless,90,80,130,85,65,55,505,45,70,1059860,1.6,130.0,75.4
1,Bellsprout,bipedal_tailless,50,35,75,30,70,40,300,255,70,1059860,0.7,4.0,50.0
1,Weepinbell,head_base,65,50,90,45,85,55,390,120,70,1059860,1.0,6.4,50.0
1,Victreebel,head_base,80,65,105,70,100,70,490,45,70,1059860,1.7,15.5,50.0
1,Tentacool,several_limbs,40,35,40,100,50,70,335,190,70,1250000,0.9,45.5,50.0
1,Tentacruel,several_limbs,80,65,70,120,80,100,515,60,70,1250000,1.6,55.0,50.0
1,Geodude,head_arms,40,100,80,30,30,20,300,255,70,1059860,,,50.0
1,Graveler,bipedal_tailless,55,115,95,45,45,35,390,120,70,1059860,,,50.0
1,Golem,bipedal_tailless,80,130,120,65,55,45,495,45,70,1059860,,,50.0
1,Ponyta,quadruped,50,55,85,65,65,90,410,190,70,1000000,1.0,30.0,50.0
1,Rapidash,quadruped,65,70,100,80,80,105,500,60,70,1000000,1.7,95.0,50.0
1,Slowpoke,quadruped,90,65,65,40,40,15,315,190,70,1000000,1.2,36.0,50.0
1,Slowbro,bipedal_tailed,95,180,75,80,130,30,590,75,70,1000000,1.6,78.5,50.0
1,Magnemite,head_arms,25,70,35,55,95,45,325,190,70,1000000,0.3,6.0,
1,Magneton,multiple_bodies,50,95,60,70,120,70,465,60,70,1000000,1.0,60.0,
1,Farfetch'd,two_wings,52,55,90,62,58,60,377,45,70,1000000,0.8,15.0,50.0
1,Doduo,head_legs,35,45,85,35,35,75,310,190,70,1000000,1.4,39.2,50.0
1,Dodrio,head_legs,60,70,110,60,60,110,470,45,70,1000000,1.8,85.2,50.0
1,Seel,with_fins,65,55,45,70,45,45,325,190,70,1000000,1.1,90.0,50.0
1,Dewgong,with_fins,90,80,70,95,70,70,475,75,70,1000000,1.7,120.0,50.0
1,Grimer,head_arms,80,50,80,50,40,25,325,190,70,1000000,,,50.0
1,Muk,head_arms,105,75,105,100,65,50,500,75,70,1000000,,,50.0
1,Shellder,head_only,30,100,65,25,45,40,305,190,70,1250000,0.3,4.0,50.0
1,Cloyster,head_only,50,180,95,45,85,70,525,60,70,1250000,1.5,132.5,50.0
1,Gastly,head_only,30,30,35,35,100,80,310,190,70,1059860,1.3,0.1,50.0
1,Haunter,head_arms,45,45,50,55,115,95,405,90,70,1059860,1.6,0.1,50.0
1,Gengar,bipedal_tailed,60,80,65,95,170,130,600,45,70,1059860,1.5,40.5,50.0
1,Onix,serpentine_body,35,160,45,45,30,70,385,45,70,1000000,8.8,210.0,50.0
1,Drowzee,bipedal_tailless,60,45,48,90,43,42,328,190,70,1000000,1.0,32.4,50.0
1,Hypno,bipedal_tailless,85,70,73,115,73,67,483,75,70,1000000,1.6,75.6,50.0
1,Krabby,insectoid,30,90,105,25,25,50,325,225,70,1000000,0.4,6.5,50.0
1,Kingler,insectoid,55,115,130,50,50,75,475,60,70,1000000,1.3,60.0,50.0
1,Voltorb,head_only,40,50,30,55,55,100,330,190,70,1000000,0.5,10.4,
1,Electrode,head_only,60,70,50,80,80,150,490,60,70,1000000,1.2,66.6,
1,Exeggcute,multiple_bodies,60,80,40,45,60,40,325,90,70,1250000,0.4,2.5,50.0
1,Exeggutor,head_legs,95,85,105,75,125,45,530,45,70,1250000,,,50.0
1,Cubone,bipedal_tailed,50,95,50,50,40,35,320,190,70,1000000,0.4,6.5,50.0
1,Marowak,bipedal_tailed,60,110,80,80,50,45,425,75,70,1000000,,,50.0
1,Hitmonlee,bipedal_tailless,50,53,120,110,35,87,455,45,70,1000000,1.5,49.8,100.0
1,Hitmonchan,bipedal_tailless,50,79,105,110,35,76,455,45,70,1000000,1.4,50.2,100.0
1,Lickitung,bipedal_tailed,90,75,55,75,60,30,385,45,70,1000000,1.2,65.5,50.0
1,Koffing,head_only,40,95,65,45,60,35,340,190,70,1000000,0.6,1.0,50.0
1,Weezing,multiple_bodies,65,120,90,70,85,60,490,60,70,1000000,1.2,9.5,50.0
1,Rhyhorn,quadruped,80,95,85,30,30,25,345,120,70,1250000,1.0,115.0,50.0
1,Rhydon,bipedal_tailed,105,120,130,45,45,40,485,60,70,1250000,1.9,120.0,50.0
1,Chansey,bipedal_tailed,250,5,5,105,35,50,450,30,140,800000,1.1,34.6,0.0
1,Tangela,head_legs,65,115,55,40,100,60,435,45,70,1000000,1.0,35.0,50.0
1,Kangaskhan,bipedal_tailed,105,100,125,100,60,100,590,45,70,1000000,2.2,80.0,0.0
1,Horsea,head_base,30,70,40,25,70,60,295,225,70,1000000,0.4,8.0,50.0
1,Seadra,head_base,55,95,65,45,95,85,440,75,70,1000000,1.2,25.0,50.0
1,Goldeen,with_fins,45,60,67,50,35,63,320,225,70,1000000,0.6,15.0,50.0
1,Seaking,with_fins,80,65,92,80,65,68,450,60,70,1000000,1.3,39.0,50.0
1,Staryu,head_base,30,55,45,55,70,85,340,225,70,1250000,0.8,34.5,
1,Starmie,head_base,60,85,75,85,100,115,520,60,70,1250000,1.1,80.0,
1,Mr. Mime,bipedal_tailless,40,65,45,120,100,90,460,45,70,1000000,1.3,54.5,50.0
1,Scyther,four_wings,70,80,110,80,55,105,500,45,70,1000000,1.5,56.0,50.0
1,Jynx,bipedal_tailless,65,35,50,95,115,95,455,45,70,1000000,1.4,40.6,0.0
1,Electabuzz,bipedal_tailed,65,57,83,85,95,105,490,45,70,1000000,1.1,30.0,75.4
1,Magmar,bipedal_tailed,65,57,95,85,100,93,495,45,70,1000000,1.3,44.5,75.4
1,Pinsir,bipedal_tailless,65,120,155,90,65,105,600,45,70,1250000,1.5,55.0,50.0
1,Tauros,quadruped,75,95,100,70,40,110,490,45,70,1250000,1.4,88.4,100.0
1,Magikarp,with_fins,20,55,10,20,15,80,200,255,70,1250000,0.9,10.0,50.0
1,Gyarados,serpentine_body,95,109,155,130,70,81,640,45,70,1250000,6.5,235.0,50.0
1,Lapras,with_fins,130,80,85,95,85,60,535,45,70,1250000,2.5,220.0,50.0
1,Ditto,head_only,48,48,48,48,48,48,288,35,70,1000000,0.3,4.0,
1,Eevee,quadruped,55,50,55,65,45,55,325,45,70,1000000,0.3,6.5,88.1
1,Vaporeon,quadruped,130,60,65,95,110,65,525,45,70,1000000,1.0,29.0,88.1
1,Jolteon,quadruped,65,60,65,95,110,130,525,45,70,1000000,0.8,24.5,88.1
1,Flareon,quadruped,65,60,130,110,95,65,525,45,70,1000000,0.9,25.0,88.1
1,Porygon,head_legs,65,70,60,75,85,40,395,45,70,1000000,0.8,36.5,
1,Omanyte,several_limbs,35,100,40,55,90,35,355,45,70,1000000,0.4,7.5,88.1
1,Omastar,several_limbs,70,125,60,70,115,55,495,45,70,1000000,1.0,35.0,88.1
1,Kabuto,insectoid,30,90,80,45,55,55,355,45,70,1000000,0.5,11.5,88.1
1,Kabutops,bipedal_tailed,60,105,115,70,65,80,495,45,70,1000000,1.3,40.5,88.1
1,Aerodactyl,two_wings,80,85,135,95,70,150,615,45,70,1250000,1.8,59.0,88.1
1,Snorlax,bipedal_tailless,160,65,110,110,65,30,540,25,70,1250000,2.1,460.0,88.1
1,Articuno,two_wings,90,100,85,125,95,85,580,3,35,1250000,1.7,55.4,
1,Zapdos,two_wings,90,85,90,90,125,100,580,3,35,1250000,1.6,52.6,
1,Moltres,two_wings,90,90,100,85,125,90,580,3,35,1250000,2.0,60.0,
1,Dratini,serpentine_body,41,45,64,50,50,50,300,45,35,1250000,1.8,3.3,50.0
1,Dragonair,serpentine_body,61,65,84,70,70,70,420,45,35,1250000,4.0,16.5,50.0
1,Dragonite,bipedal_tailed,91,95,134,100,100,80,600,45,35,1250000,2.2,210.0,50.0
1,Mewtwo,bipedal_tailed,106,70,150,120,194,140,780,3,0,1250000,2.0,122.0,
1,Mew,bipedal_tailed,100,100,100,100,100,100,600,45,100,1059860,0.4,4.0,
2,Chikorita,quadruped,45,65,49,65,49,45,318,45,70,1059860,0.9,6.4,88.1
2,Bayleef,quadruped,60,80,62,80,63,60,405,45,70,1059860,1.2,15.8,88.1
2,Meganium,quadruped,80,100,82,100,83,80,525,45,70,1059860,1.8,100.5,88.1
2,Cyndaquil,bipedal_tailless,39,43,52,50,60,65,309,45,70,1059860,0.5,7.9,88.1
2,Quilava,quadruped,58,58,64,65,80,80,405,45,70,1059860,0.9,19.0,88.1
2,Typhlosion,quadruped,78,78,84,85,109,100,534,45,70,1059860,1.7,79.5,88.1
2,Totodile,bipedal_tailed,50,64,65,48,44,43,314,45,70,1059860,0.6,9.5,88.1
2,Croconaw,bipedal_tailed,65,80,80,63,59,58,405,45,70,1059860,1.1,25.0,88.1
2,Feraligatr,bipedal_tailed,85,100,105,83,79,78,530,45,70,1059860,2.3,88.8,88.1
2,Sentret,quadruped,35,34,46,45,35,20,215,255,70,1000000,0.8,6.0,50.0
2,Furret,quadruped,85,64,76,55,45,90,415,90,70,1000000,1.8,32.5,50.0
2,Hoothoot,two_wings,60,30,30,56,36,50,262,255,70,1000000,0.7,21.2,50.0
2,Noctowl,two_wings,100,50,50,96,86,70,452,90,70,1000000,1.6,40.8,50.0
2,Ledyba,two_wings,40,30,20,80,40,55,265,255,70,800000,1.0,10.8,50.0
2,Ledian,two_wings,55,50,35,110,55,85,390,90,70,800000,1.4,35.6,50.0
2,Spinarak,insectoid,40,40,60,40,40,30,250,255,70,800000,0.5,8.5,50.0
2,Ariados,insectoid,70,70,90,70,60,40,400,90,70,800000,1.1,33.5,50.0
2,Crobat,four_wings,85,80,90,80,70,130,535,90,70,1000000,1.8,75.0,50.0
2,Chinchou,with_fins,75,38,38,56,56,67,330,190,70,1250000,0.5,12.0,50.0
2,Lanturn,with_fins,125,58,58,76,76,67,460,75,70,1250000,1.2,22.5,50.0
2,Pichu,quadruped,20,15,40,35,35,60,205,190,70,1000000,0.3,2.0,50.0
2,Cleffa,bipedal_tailed,50,28,25,55,45,15,218,150,140,800000,0.3,3.0,24.6
2,Igglybuff,bipedal_tailless,90,15,30,20,40,15,210,170,70,800000,0.3,1.0,24.6
2,Togepi,bipedal_tailless,35,65,20,65,40,20,245,190,70,800000,0.3,1.5,88.1
2,Togetic,bipedal_tailless,55,85,40,105,80,40,405,75,70,800000,0.6,3.2,88.1
2,Natu,two_wings,40,45,50,45,70,70,320,190,70,1000000,0.2,2.0,50.0
2,Xatu,two_wings,65,70,75,70,95,95,470,75,70,1000000,1.5,15.0,50.0
2,Mareep,quadruped,55,40,40,45,65,35,280,235,70,1059860,0.6,7.8,50.0
2,Flaaffy,bipedal_tailed,70,55,55,60,80,45,365,120,70,1059860,0.8,13.3,50.0
2,Ampharos,bipedal_tailed,90,105,95,110,165,45,610,45,70,1059860,1.4,61.5,50.0
2,Bellossom,bipedal_tailless,75,95,80,100,90,50,490,45,70,1059860,0.4,5.8,50.0
2,Marill,bipedal_tailed,70,50,20,50,20,40,250,190,70,800000,0.4,8.5,50.0
2,Azumarill,bipedal_tailed,100,80,50,80,60,50,420,75,70,800000,0.8,28.5,50.0
2,Sudowoodo,bipedal_tailless,70,115,100,65,30,30,410,65,70,1000000,1.2,38.0,50.0
2,Politoed,bipedal_tailed,90,75,75,100,90,70,500,45,70,1059860,1.1,33.9,50.0
2,Hoppip,bipedal_tailed,35,40,35,55,35,50,250,255,70,1059860,0.4,0.5,50.0
2,Skiploom,bipedal_tailed,55,50,45,65,45,80,340,120,70,1059860,0.6,1.0,50.0
2,Jumpluff,bipedal_tailed,75,70,55,95,55,110,460,45,70,1059860,0.8,3.0,50.0
2,Aipom,bipedal_tailed,55,55,70,55,40,85,360,45,70,800000,0.8,11.5,50.0
2,Sunkern,head_only,30,30,30,30,30,30,180,235,70,1059860,0.3,1.8,50.0
2,Sunflora,bipedal_tailless,75,55,75,85,105,30,425,120,70,1059860,0.8,8.5,50.0
2,Yanma,four_wings,65,45,65,45,75,95,390,75,70,1000000,1.2,38.0,50.0
2,Wooper,head_legs,55,45,45,25,25,15,210,255,70,1000000,0.4,8.5,50.0
2,Quagsire,bipedal_tailed,95,85,85,65,65,35,430,90,70,1000000,1.4,75.0,50.0
2,Espeon,quadruped,65,60,65,95,130,110,525,45,70,1000000,0.9,26.5,88.1
2,Umbreon,quadruped,95,110,65,130,60,65,525,45,35,1000000,1.0,27.0,88.1
2,Murkrow,two_wings,60,42,85,42,85,91,405,30,35,1059860,0.5,2.1,50.0
2,Slowking,bipedal_tailed,95,80,75,110,100,30,490,70,70,1000000,2.0,79.5,50.0
2,Misdreavus,head_only,60,60,60,85,85,85,435,45,35,800000,0.7,1.0,50.0
2,Unown,head_only,48,48,72,48,72,48,336,225,70,1000000,0.5,5.0,
2,Wobbuffet,head_base,190,58,33,58,33,33,405,45,70,1000000,1.3,28.5,50.0
2,Girafarig,quadruped,70,65,80,65,90,85,455,60,70,1000000,1.5,41.5,50.0
2,Pineco,head_only,50,90,65,35,35,15,290,190,70,1000000,0.6,7.2,50.0
2,Forretress,head_only,75,140,90,60,60,40,465,75,70,1000000,1.2,125.8,50.0
2,Dunsparce,serpentine_body,100,70,70,65,65,45,415,190,70,1000000,1.5,14.0,50.0
2,Gligar,two_wings,65,105,75,65,35,85,430,60,70,1059860,1.1,64.8,50.0
2,Steelix,serpentine_body,75,230,125,95,55,30,610,25,70,1000000,9.2,400.0,50.0
2,Snubbull,bipedal_tailless,60,50,80,40,40,30,300,190,70,800000,0.6,7.8,24.6
2,Granbull,bipedal_tailed,90,75,120,60,60,45,450,75,70,800000,1.4,48.7,24.6
2,Qwilfish,with_fins,65,85,95,55,55,85,440,45,70,1000000,0.5,3.9,50.0
2,Scizor,four_wings,70,140,150,100,65,75,600,25,70,1000000,1.8,118.0,50.0
2,Shuckle,insectoid,20,230,10,230,10,5,505,190,70,1059860,0.6,20.5,50.0
2,Heracross,bipedal_tailless,80,115,185,105,40,75,600,45,70,1250000,1.5,54.0,50.0
2,Sneasel,bipedal_tailed,55,55,95,75,35,115,430,60,35,1059860,0.9,28.0,50.0
2,Teddiursa,bipedal_tailed,60,50,80,50,50,40,330,120,70,1000000,0.6,8.8,50.0
2,Ursaring,bipedal_tailed,90,75,130,75,75,55,500,60,70,1000000,1.8,125.8,50.0
2,Slugma,serpentine_body,40,40,40,40,70,20,250,190,70,1000000,0.7,35.0,50.0
2,Magcargo,serpentine_body,60,120,50,80,90,30,430,75,70,1000000,0.8,55.0,50.0
2,Swinub,quadruped,50,40,50,30,30,50,250,225,70,1250000,0.4,6.5,50.0
2,Piloswine,quadruped,100,80,100,60,60,50,450,75,70,1250000,1.1,55.8,50.0
2,Corsola,insectoid,65,95,55,95,65,35,410,60,70,800000,0.6,5.0,24.6
2,Remoraid,with_fins,35,35,65,35,65,65,300,190,70,1000000,0.6,12.0,50.0
2,Octillery,several_limbs,75,75,105,75,105,45,480,75,70,1000000,0.9,28.5,50.0
2,Delibird,two_wings,45,45,55,45,65,75,330,45,70,800000,0.9,16.0,50.0
2,Mantine,two_wings,85,70,40,140,80,70,485,25,70,1250000,2.1,220.0,50.0
2,Skarmory,two_wings,65,140,80,70,40,70,465,25,70,1250000,1.7,50.5,50.0
2,Houndour,quadruped,45,30,60,50,80,65,330,120,35,1250000,0.6,10.8,50.0
2,Houndoom,quadruped,75,90,90,90,140,115,600,45,35,1250000,1.4,35.0,50.0
2,Kingdra,head_base,75,95,95,95,95,85,540,45,70,1000000,1.8,152.0,50.0
2,Phanpy,quadruped,90,60,60,40,40,40,330,120,70,1000000,0.5,33.5,50.0
2,Donphan,quadruped,90,120,120,60,60,50,500,60,70,1000000,1.1,120.0,50.0
2,Porygon2,head_legs,85,90,80,95,105,60,515,45,70,1000000,0.6,32.5,
2,Stantler,quadruped,73,62,95,65,85,85,465,45,70,1250000,1.4,71.2,50.0
2,Smeargle,bipedal_tailed,55,35,20,45,20,75,250,45,70,800000,1.2,58.0,50.0
2,Tyrogue,bipedal_tailless,35,35,35,35,35,35,210,75,70,1000000,0.7,21.0,100.0
2,Hitmontop,bipedal_tailed,50,95,95,110,35,70,455,45,70,1000000,1.4,48.0,100.0
2,Smoochum,bipedal_tailless,45,15,30,65,85,65,305,45,70,1000000,0.4,6.0,0.0
2,Elekid,bipedal_tailless,45,37,63,55,65,95,360,45,70,1000000,0.6,23.5,75.4
2,Magby,bipedal_tailed,45,37,75,55,70,83,365,45,70,1000000,0.7,21.4,75.4
2,Miltank,bipedal_tailed,95,105,80,70,40,100,490,45,70,1250000,1.2,75.5,0.0
2,Blissey,bipedal_tailless,255,10,10,135,75,55,540,30,140,800000,1.5,46.8,0.0
2,Raikou,quadruped,90,75,85,100,115,115,580,3,35,1250000,1.9,178.0,
2,Entei,quadruped,115,85,115,75,90,100,580,3,35,1250000,2.1,198.0,
2,Suicune,quadruped,100,115,75,115,90,85,580,3,35,1250000,2.0,187.0,
2,Larvitar,bipedal_tailed,50,50,64,50,45,41,300,45,35,1250000,0.6,72.0,50.0
2,Pupitar,serpentine_body,70,70,84,70,65,51,410,45,35,1250000,1.2,152.0,50.0
2,Tyranitar,bipedal_tailed,100,150,164,120,95,71,700,45,35,1250000,2.0,202.0,50.0
2,Lugia,two_wings,106,130,90,154,90,110,680,3,0,1250000,5.2,216.0,
2,Ho-Oh,two_wings,106,90,130,154,110,90,680,3,0,1250000,3.8,199.0,
2,Celebi,bipedal_tailless,100,100,100,100,100,100,600,45,100,1059860,0.6,5.0,
3,Treecko,bipedal_tailed,40,35,45,55,65,70,310,45,70,1059860,0.5,5.0,88.1
3,Grovyle,bipedal_tailed,50,45,65,65,85,95,405,45,70,1059860,0.9,21.6,88.1
3,Sceptile,bipedal_tailed,70,75,110,85,145,145,630,45,70,1059860,1.7,52.2,88.1
3,Torchic,head_legs,45,40,60,50,70,45,310,45,70,1059860,0.4,2.5,88.1
3,Combusken,bipedal_tailed,60,60,85,60,85,55,405,45,70,1059860,0.9,19.5,88.1
3,Blaziken,bipedal_tailed,80,80,160,80,130,100,630,45,70,1059860,1.9,52.0,88.1
3,Mudkip,quadruped,50,50,70,50,50,40,310,45,70,1059860,0.4,7.6,88.1
3,Marshtomp,bipedal_tailed,70,70,85,70,60,50,405,45,70,1059860,0.7,28.0,88.1
3,Swampert,bipedal_tailed,100,110,150,110,95,70,635,45,70,1059860,1.5,81.9,88.1
3,Poochyena,quadruped,35,35,55,30,30,35,220,255,70,1000000,0.5,13.6,50.0
3,Mightyena,quadruped,70,70,90,60,60,70,420,127,70,1000000,1.0,37.0,50.0
3,Zigzagoon,quadruped,38,41,30,41,30,60,240,255,70,1000000,0.4,17.5,50.0
3,Linoone,quadruped,78,61,70,61,50,100,420,90,70,1000000,0.5,32.5,50.0
3,Wurmple,serpentine_body,45,35,45,30,20,20,195,255,70,1000000,0.3,3.6,50.0
3,Silcoon,head_only,50,55,35,25,25,15,205,120,70,1000000,0.6,10.0,50.0
3,Beautifly,four_wings,60,50,70,50,100,65,395,45,70,1000000,1.0,28.4,50.0
3,Cascoon,head_only,50,55,35,25,25,15,205,120,70,1000000,0.7,11.5,50.0
3,Dustox,four_wings,60,70,50,90,50,65,385,45,70,1000000,1.2,31.6,50.0
3,Lotad,insectoid,40,30,30,50,40,30,220,255,70,1059860,0.5,2.6,50.0
3,Lombre,bipedal_tailless,60,50,50,70,60,50,340,120,70,1059860,1.2,32.5,50.0
3,Ludicolo,bipedal_tailless,80,70,70,100,90,70,480,45,70,1059860,1.5,55.0,50.0
3,Seedot,head_legs,40,50,40,30,30,30,220,255,70,1059860,0.5,4.0,50.0
3,Nuzleaf,bipedal_tailless,70,40,70,40,60,60,340,120,70,1059860,1.0,28.0,50.0
3,Shiftry,bipedal_tailless,90,60,100,60,90,80,480,45,70,1059860,1.3,59.6,50.0
3,Taillow,two_wings,40,30,55,30,30,85,270,200,70,1059860,0.3,2.3,50.0
3,Swellow,two_wings,60,60,85,50,75,125,455,45,70,1059860,0.7,19.8,50.0
3,Wingull,two_wings,40,30,30,30,55,85,270,190,70,1000000,0.6,9.5,50.0
3,Pelipper,two_wings,60,100,50,70,95,65,440,45,70,1000000,1.2,28.0,50.0
3,Ralts,bipedal_tailless,28,25,25,35,45,40,198,235,35,1250000,0.4,6.6,50.0
3,Kirlia,bipedal_tailless,38,35,35,55,65,50,278,120,35,1250000,0.8,20.2,50.0
3,Gardevoir,bipedal_tailless,68,65,85,135,165,100,618,45,35,1250000,1.6,48.4,50.0
3,Surskit,insectoid,40,32,30,52,50,65,269,200,70,1000000,0.5,1.7,50.0
3,Masquerain,four_wings,70,62,60,82,100,80,454,75,70,1000000,0.8,3.6,50.0
3,Shroomish,head_legs,60,60,40,60,40,35,295,255,70,1640000,0.4,4.5,50.0
3,Breloom,bipedal_tailed,60,80,130,60,60,70,460,90,70,1640000,1.2,39.2,50.0
3,Slakoth,quadruped,60,60,60,35,35,30,280,255,70,1250000,0.8,24.0,50.0
3,Vigoroth,bipedal_tailed,80,80,80,55,55,90,440,120,70,1250000,1.4,46.5,50.0
3,Slaking,bipedal_tailless,150,100,160,65,95,100,670,45,70,1250000,2.0,130.5,50.0
3,Nincada,insectoid,31,90,45,30,30,40,266,255,70,600000,0.5,5.5,50.0
3,Ninjask,four_wings,61,45,90,50,50,160,456,120,70,600000,0.8,12.0,50.0
3,Shedinja,head_base,1,45,90,30,30,40,236,45,70,600000,0.8,1.2,
3,Whismur,bipedal_tailed,64,23,51,23,51,28,240,190,70,1059860,0.6,16.3,50.0
3,Loudred,bipedal_tailed,84,43,71,43,71,48,360,120,70,1059860,1.0,40.5,50.0
3,Exploud,bipedal_tailed,104,63,91,73,91,68,490,45,70,1059860,1.5,84.0,50.0
3,Makuhita,bipedal_tailless,72,30,60,30,20,25,237,180,70,1640000,1.0,86.4,75.4
3,Hariyama,bipedal_tailless,144,60,120,60,40,50,474,200,70,1640000,2.3,253.8,75.4
3,Azurill,head_legs,50,40,20,40,20,20,190,150,70,800000,0.2,2.0,24.6
3,Nosepass,bipedal_tailless,30,135,45,90,45,30,375,255,70,1000000,1.0,97.0,50.0
3,Skitty,quadruped,50,45,45,35,35,50,260,255,70,800000,0.6,11.0,24.6
3,Delcatty,quadruped,70,65,65,55,55,90,400,60,70,800000,1.1,32.6,24.6
3,Sableye,bipedal_tailless,50,125,85,115,85,20,480,45,35,1059860,0.5,11.0,50.0
3,Mawile,bipedal_tailless,50,125,105,95,55,50,480,45,70,800000,0.6,11.5,50.0
3,Aron,quadruped,50,100,70,40,40,30,330,180,35,1250000,0.4,60.0,50.0
3,Lairon,quadruped,60,140,90,50,50,40,430,90,35,1250000,0.9,120.0,50.0
3,Aggron,bipedal_tailed,70,230,140,80,60,50,630,45,35,1250000,2.1,360.0,50.0
3,Meditite,bipedal_tailless,30,55,40,55,40,60,280,180,70,1000000,0.6,11.2,50.0
3,Medicham,bipedal_tailless,60,85,100,85,80,100,510,90,70,1000000,1.3,31.5,50.0
3,Electrike,quadruped,40,40,45,40,65,65,295,120,70,1250000,0.6,15.2,50.0
3,Manectric,quadruped,70,80,75,80,135,135,575,45,70,1250000,1.5,40.2,50.0
3,Plusle,bipedal_tailed,60,40,50,75,85,95,405,200,70,1000000,0.4,4.2,50.0
3,Minun,bipedal_tailed,60,50,40,85,75,95,405,200,70,1000000,0.4,4.2,50.0
3,Volbeat,bipedal_tailed,65,75,73,85,47,85,430,150,70,600000,0.7,17.7,100.0
3,Illumise,bipedal_tailless,65,75,47,85,73,85,430,150,70,1640000,0.6,17.7,0.0
3,Roselia,bipedal_tailless,50,45,60,80,100,65,400,150,70,1059860,0.3,2.0,50.0
3,Gulpin,head_arms,70,53,43,53,43,40,302,225,70,1640000,0.4,10.3,50.0
3,Swalot,head_arms,100,83,73,83,73,55,467,75,70,1640000,1.7,80.0,50.0
3,Carvanha,with_fins,45,20,90,20,65,65,305,225,35,1250000,0.8,20.8,50.0
3,Sharpedo,with_fins,70,70,140,65,110,105,560,60,35,1250000,1.8,88.8,50.0
3,Wailmer,with_fins,130,35,70,35,70,60,400,125,70,1640000,2.0,130.0,50.0
3,Wailord,with_fins,170,45,90,45,90,60,500,60,70,1640000,14.5,398.0,50.0
3,Numel,quadruped,60,40,60,45,65,35,305,255,70,1000000,0.7,24.0,50.0
3,Camerupt,quadruped,70,100,120,105,145,20,560,150,70,1000000,1.9,220.0,50.0
3,Torkoal,quadruped,70,140,85,70,85,20,470,90,70,1000000,0.5,80.4,50.0
3,Spoink,head_arms,60,35,25,80,70,60,330,255,70,800000,0.7,30.6,50.0
3,Grumpig,bipedal_tailed,80,65,45,110,90,80,470,60,70,800000,0.9,71.5,50.0
3,Spinda,bipedal_tailed,60,60,60,60,60,60,360,255,70,800000,1.1,5.0,50.0
3,Trapinch,insectoid,45,45,100,45,45,10,290,255,70,1059860,0.7,15.0,50.0
3,Vibrava,four_wings,50,50,70,50,50,70,340,120,70,1059860,1.1,15.3,50.0
3,Flygon,two_wings,80,80,100,80,80,100,520,45,70,1059860,2.0,82.0,50.0
3,Cacnea,bipedal_tailless,50,40,85,40,85,35,335,190,35,1059860,0.4,51.3,50.0
3,Cacturne,bipedal_tailless,70,60,115,60,115,55,475,60,35,1059860,1.3,77.4,50.0
3,Swablu,two_wings,45,60,40,75,40,50,310,255,70,600000,0.4,1.2,50.0
3,Altaria,two_wings,75,110,110,105,110,80,590,45,70,600000,1.1,20.6,50.0
3,Zangoose,bipedal_tailed,73,60,115,60,60,90,458,90,70,600000,1.3,40.3,50.0
3,Seviper,serpentine_body,73,60,100,60,100,65,458,90,70,1640000,2.7,52.5,50.0
3,Lunatone,head_only,90,65,55,85,95,70,460,45,70,800000,1.0,168.0,
3,Solrock,head_only,90,85,95,65,55,70,460,45,70,800000,1.2,154.0,
3,Barboach,with_fins,50,43,48,41,46,60,288,190,70,1000000,0.4,1.9,50.0
3,Whiscash,with_fins,110,73,78,71,76,60,468,75,70,1000000,0.9,23.6,50.0
3,Corphish,insectoid,43,65,80,35,50,35,308,205,70,1640000,0.6,11.5,50.0
3,Crawdaunt,insectoid,63,85,120,55,90,55,468,155,70,1640000,1.1,32.8,50.0
3,Baltoy,head_arms,40,55,40,70,40,55,300,255,70,1000000,0.5,21.5,
3,Claydol,head_arms,60,105,70,120,70,75,500,90,70,1000000,1.5,108.0,
3,Lileep,head_base,66,77,41,87,61,23,355,45,70,600000,1.0,23.8,88.1
3,Cradily,head_base,86,97,81,107,81,43,495,45,70,600000,1.5,60.4,88.1
3,Anorith,insectoid,45,50,95,50,40,75,355,45,70,600000,0.7,12.5,88.1
3,Armaldo,bipedal_tailed,75,100,125,80,70,45,495,45,70,600000,1.5,68.2,88.1
3,Feebas,with_fins,20,20,15,55,10,80,200,255,70,600000,0.6,7.4,50.0
3,Milotic,serpentine_body,95,79,60,125,100,81,540,60,70,600000,6.2,162.0,50.0
3,Castform,head_only,70,70,70,70,70,70,420,45,70,1000000,0.3,0.8,50.0
3,Kecleon,bipedal_tailed,60,70,90,120,60,40,440,200,70,1059860,1.0,22.0,50.0
3,Shuppet,head_only,44,35,75,33,63,45,295,225,35,800000,0.6,2.3,50.0
3,Banette,bipedal_tailed,64,75,165,83,93,75,555,45,35,800000,1.1,12.5,50.0
3,Duskull,head_arms,20,90,40,90,30,25,295,190,35,800000,0.8,15.0,50.0
3,Dusclops,bipedal_tailless,40,130,70,130,60,25,455,90,35,800000,1.6,30.6,50.0
3,Tropius,quadruped,99,83,68,87,72,51,460,200,70,1250000,2.0,100.0,50.0
3,Chimecho,head_arms,75,80,50,90,95,65,455,45,70,800000,0.6,1.0,50.0
3,Absol,quadruped,65,60,150,60,115,115,565,30,35,1059860,1.2,47.0,50.0
3,Wynaut,bipedal_tailed,95,48,23,48,23,23,260,125,70,1000000,0.6,14.0,50.0
3,Snorunt,bipedal_tailless,50,50,50,50,50,50,300,190,70,1000000,0.7,16.8,50.0
3,Glalie,head_only,80,80,120,80,120,100,580,75,70,1000000,1.5,256.5,50.0
3,Spheal,with_fins,70,50,40,50,55,25,290,255,70,1059860,0.8,39.5,50.0
3,Sealeo,with_fins,90,70,60,70,75,45,410,120,70,1059860,1.1,87.6,50.0
3,Walrein,quadruped,110,90,80,90,95,65,530,45,70,1059860,1.4,150.6,50.0
3,Clamperl,head_only,35,85,64,55,74,32,345,255,70,600000,0.4,52.5,50.0
3,Huntail,serpentine_body,55,105,104,75,94,52,485,60,70,600000,1.7,27.0,50.0
3,Gorebyss,serpentine_body,55,105,84,75,114,52,485,60,70,600000,1.8,22.6,50.0
3,Relicanth,with_fins,100,130,90,65,45,55,485,25,70,1250000,1.0,23.4,88.1
3,Luvdisc,with_fins,43,55,30,65,40,97,330,225,70,800000,0.6,8.7,24.6
3,Bagon,bipedal_tailless,45,60,75,30,40,50,300,45,35,1250000,0.6,42.1,50.0
3,Shelgon,quadruped,65,100,95,50,60,50,420,45,35,1250000,1.1,110.5,50.0
3,Salamence,quadruped,95,130,145,90,120,120,700,45,35,1250000,1.5,102.6,50.0
3,Beldum,head_base,40,80,55,60,35,30,300,3,35,1250000,0.6,95.2,
3,Metang,head_arms,60,100,75,80,55,50,420,3,35,1250000,1.2,202.5,
3,Metagross,multiple_bodies,80,150,145,110,105,110,700,3,35,1250000,1.6,550.0,
3,Regirock,bipedal_tailless,80,200,100,100,50,50,580,3,35,1250000,1.7,230.0,
3,Regice,bipedal_tailless,80,100,50,200,100,50,580,3,35,1250000,1.8,175.0,
3,Registeel,bipedal_tailless,80,150,75,150,75,50,580,3,35,1250000,1.9,205.0,
3,Latias,two_wings,80,120,100,150,140,110,700,3,90,1250000,1.4,40.0,0.0
3,Latios,two_wings,80,100,130,120,160,110,700,3,90,1250000,2.0,60.0,100.0
3,Kyogre,with_fins,100,90,150,160,180,90,770,3,0,1250000,4.5,352.0,
3,Groudon,bipedal_tailed,100,160,180,90,150,90,770,3,0,1250000,3.5,950.0,
3,Rayquaza,serpentine_body,105,100,180,100,180,115,780,45,0,1250000,7.0,206.5,
3,Jirachi,bipedal_tailless,100,100,100,100,100,100,600,3,100,1250000,0.3,1.1,
3,Deoxys,bipedal_tailless,50,90,95,90,95,180,600,3,0,1250000,1.7,60.8,
4,Turtwig,quadruped,55,64,68,55,45,31,318,45,70,1059860,0.4,10.2,88.1
4,Grotle,quadruped,75,85,89,65,55,36,405,45,70,1059860,1.1,97.0,88.1
4,Torterra,quadruped,95,105,109,85,75,56,525,45,70,1059860,2.2,310.0,88.1
4,Chimchar,bipedal_tailed,44,44,58,44,58,61,309,45,70,1059860,0.5,6.2,88.1
4,Monferno,bipedal_tailed,64,52,78,52,78,81,405,45,70,1059860,0.9,22.0,88.1
4,Infernape,bipedal_tailed,76,71,104,71,104,108,534,45,70,1059860,1.2,55.0,88.1
4,Piplup,bipedal_tailless,53,53,51,56,61,40,314,45,70,1059860,0.4,5.2,88.1
4,Prinplup,bipedal_tailed,64,68,66,76,81,50,405,45,70,1059860,0.8,23.0,88.1
4,Empoleon,bipedal_tailed,84,88,86,101,111,60,530,45,70,1059860,1.7,84.5,88.1
4,Starly,two_wings,40,30,55,30,30,60,245,255,70,1059860,0.3,2.0,50.0
4,Staravia,two_wings,55,50,75,40,40,80,340,120,70,1059860,0.6,15.5,50.0
4,Staraptor,two_wings,85,70,120,60,50,100,485,45,70,1059860,1.2,24.9,50.0
4,Bidoof,quadruped,59,40,45,40,35,31,250,255,70,1000000,0.5,20.0,50.0
4,Bibarel,bipedal_tailed,79,60,85,60,55,71,410,127,70,1000000,1.0,31.5,50.0
4,Kricketot,bipedal_tailless,37,41,25,41,25,25,194,255,70,1059860,0.3,2.2,50.0
4,Kricketune,four_wings,77,51,85,51,55,65,384,45,70,1059860,1.0,25.5,50.0
4,Shinx,quadruped,45,34,65,34,40,45,263,235,70,1059860,0.5,9.5,50.0
4,Luxio,quadruped,60,49,85,49,60,60,363,120,100,1059860,0.9,30.5,50.0
4,Luxray,quadruped,80,79,120,79,95,70,523,45,70,1059860,1.4,42.0,50.0
4,Budew,bipedal_tailless,40,35,30,70,50,55,280,255,70,1059860,0.2,1.2,50.0
4,Roserade,bipedal_tailless,60,65,70,105,125,90,515,75,70,1059860,0.9,14.5,50.0
4,Cranidos,bipedal_tailed,67,40,125,30,30,58,350,45,70,600000,0.9,31.5,88.1
4,Rampardos,bipedal_tailed,97,60,165,50,65,58,495,45,70,600000,1.6,102.5,88.1
4,Shieldon,quadruped,30,118,42,88,42,30,350,45,70,600000,0.5,57.0,88.1
4,Bastiodon,quadruped,60,168,52,138,47,30,495,45,70,600000,1.3,149.5,88.1
4,Burmy,head_base,40,45,29,45,29,36,224,120,70,1000000,0.2,3.4,50.0
4,Wormadam,head_base,60,95,69,95,69,36,424,45,70,1000000,0.5,6.5,0.0
4,Mothim,four_wings,70,50,94,50,94,66,424,45,70,1000000,0.9,23.3,100.0
4,Combee,multiple_bodies,30,42,30,42,30,70,244,120,70,1059860,0.3,5.5,88.1
4,Vespiquen,four_wings,70,102,80,102,80,40,474,45,70,1059860,1.2,38.5,0.0
4,Pachirisu,quadruped,60,70,45,90,45,95,405,200,100,1000000,0.4,3.9,50.0
4,Buizel,quadruped,55,35,65,30,60,85,330,190,70,1000000,0.7,29.5,50.0
4,Floatzel,quadruped,85,55,105,50,85,115,495,75,70,1000000,1.1,33.5,50.0
4,Cherubi,multiple_bodies,45,45,35,53,62,35,275,190,70,1000000,0.4,3.3,50.0
4,Cherrim,head_legs,70,70,60,78,87,85,450,75,70,1000000,0.5,9.3,50.0
4,Shellos,serpentine_body,76,48,48,62,57,34,325,190,70,1000000,0.3,6.3,50.0
4,Gastrodon,serpentine_body,111,68,83,82,92,39,475,75,70,1000000,0.9,29.9,50.0
4,Ambipom,bipedal_tailed,75,66,100,66,60,115,482,45,100,800000,1.2,20.3,50.0
4,Drifloon,head_arms,90,34,50,44,60,70,348,125,70,1640000,0.4,1.2,50.0
4,Drifblim,head_arms,150,44,80,54,90,80,498,60,70,1640000,1.2,15.0,50.0
4,Buneary,bipedal_tailed,55,44,66,56,44,85,350,190,0,1000000,0.4,5.5,50.0
4,Lopunny,bipedal_tailed,65,94,136,96,54,135,580,60,140,1000000,1.2,33.3,50.0
4,Mismagius,head_only,60,60,60,105,105,105,495,45,35,800000,0.9,4.4,50.0
4,Honchkrow,two_wings,100,52,125,52,105,71,505,30,35,1059860,0.9,27.3,50.0
4,Glameow,quadruped,49,42,55,37,42,85,310,190,70,800000,0.5,3.9,24.6
4,Purugly,quadruped,71,64,82,59,64,112,452,75,70,800000,1.0,43.8,24.6
4,Chingling,bipedal_tailless,45,50,30,50,65,45,285,120,70,800000,0.2,0.6,50.0
4,Stunky,quadruped,63,47,63,41,41,74,329,225,70,1000000,0.4,19.2,50.0
4,Skuntank,quadruped,103,67,93,61,71,84,479,60,70,1000000,1.0,38.0,50.0
4,Bronzor,head_only,57,86,24,86,24,23,300,255,70,1000000,0.5,60.5,
4,Bronzong,head_arms,67,116,89,116,79,33,500,90,70,1000000,1.3,187.0,
4,Bonsly,head_legs,50,95,80,45,10,10,290,255,70,1000000,0.5,15.0,50.0
4,Mime Jr.,bipedal_tailless,20,45,25,90,70,60,310,145,70,1000000,0.6,13.0,50.0
4,Happiny,bipedal_tailless,100,5,5,65,15,30,220,130,140,800000,0.6,24.4,0.0
4,Chatot,two_wings,76,45,65,42,92,91,411,30,35,1059860,0.5,1.9,50.0
4,Spiritomb,head_base,50,108,92,108,92,35,485,100,70,1000000,1.0,108.0,50.0
4,Gible,bipedal_tailed,58,45,70,45,40,42,300,45,70,1250000,0.7,20.5,50.0
4,Gabite,bipedal_tailed,68,65,90,55,50,82,410,45,70,1250000,1.4,56.0,50.0
4,Garchomp,bipedal_tailed,108,115,170,95,120,92,700,45,70,1250000,1.9,95.0,50.0
4,Munchlax,bipedal_tailless,135,40,85,85,40,5,390,50,70,1250000,0.6,105.0,88.1
4,Riolu,bipedal_tailed,40,40,70,40,35,60,285,75,70,1059860,0.7,20.2,88.1
4,Lucario,bipedal_tailed,70,88,145,70,140,112,625,45,70,1059860,1.2,54.0,88.1
4,Hippopotas,quadruped,68,78,72,42,38,32,330,140,70,1250000,0.8,49.5,50.0
4,Hippowdon,quadruped,108,118,112,72,68,47,525,60,70,1250000,2.0,300.0,50.0
4,Skorupi,insectoid,40,90,50,55,30,65,330,120,70,1250000,0.8,12.0,50.0
4,Drapion,insectoid,70,110,90,75,60,95,500,45,70,1250000,1.3,61.5,50.0
4,Croagunk,bipedal_tailless,48,40,61,40,61,50,300,140,100,1000000,0.7,23.0,50.0
4,Toxicroak,bipedal_tailless,83,65,106,65,86,85,490,75,70,1000000,1.3,44.4,50.0
4,Carnivine,several_limbs,74,72,100,72,90,46,454,200,70,1250000,1.4,27.0,50.0
4,Finneon,with_fins,49,56,49,61,49,66,330,190,70,600000,0.4,7.0,50.0
4,Lumineon,with_fins,69,76,69,86,69,91,460,75,70,600000,1.2,24.0,50.0
4,Mantyke,two_wings,45,50,20,120,60,50,345,25,70,1250000,1.0,65.0,50.0
4,Snover,bipedal_tailed,60,50,62,60,62,40,334,120,70,1250000,1.0,50.5,50.0
4,Abomasnow,bipedal_tailed,90,105,132,105,132,30,594,60,70,1250000,2.2,135.5,50.0
4,Weavile,bipedal_tailed,70,65,120,85,45,125,510,45,35,1059860,1.1,34.0,50.0
4,Magnezone,head_arms,70,115,70,90,130,60,535,30,70,1000000,1.2,180.0,
4,Lickilicky,bipedal_tailless,110,95,85,95,80,50,515,30,70,1000000,1.7,140.0,50.0
4,Rhyperior,bipedal_tailed,115,130,140,55,55,40,535,30,70,1250000,2.4,282.8,50.0
4,Tangrowth,bipedal_tailless,100,125,100,50,110,50,535,30,70,1000000,2.0,128.6,50.0
4,Electivire,bipedal_tailed,75,67,123,85,95,95,540,30,70,1000000,1.8,138.6,75.4
4,Magmortar,bipedal_tailed,75,67,95,95,125,83,540,30,70,1000000,1.6,68.0,75.4
4,Togekiss,two_wings,85,95,50,115,120,80,545,30,70,800000,1.5,38.0,88.1
4,Yanmega,four_wings,86,86,76,56,116,95,515,30,70,1000000,1.9,51.5,50.0
4,Leafeon,quadruped,65,130,110,65,60,95,525,45,35,1000000,1.0,25.5,88.1
4,Glaceon,quadruped,65,110,60,95,130,65,525,45,35,1000000,0.8,25.9,88.1
4,Gliscor,two_wings,75,125,95,75,45,95,510,30,70,1059860,2.0,42.5,50.0
4,Mamoswine,quadruped,110,80,130,60,70,80,530,50,70,1250000,2.5,291.0,50.0
4,Porygon-Z,head_arms,85,70,80,75,135,90,535,30,70,1000000,0.9,34.0,
4,Gallade,bipedal_tailless,68,95,165,115,65,110,618,45,35,1250000,1.6,52.0,100.0
4,Probopass,multiple_bodies,60,145,55,150,75,40,525,60,70,1000000,1.4,340.0,50.0
4,Dusknoir,head_arms,45,135,100,135,65,45,525,45,35,800000,2.2,106.6,50.0
4,Froslass,head_arms,70,70,80,70,80,110,480,75,70,1000000,1.3,26.6,0.0
4,Rotom,head_only,50,107,65,107,105,86,520,45,70,1000000,0.3,0.3,
4,Uxie,bipedal_tailed,75,130,75,130,75,95,580,3,140,1250000,0.3,0.3,
4,Mesprit,bipedal_tailed,80,105,105,105,105,80,580,3,140,1250000,0.3,0.3,
4,Azelf,bipedal_tailed,75,70,125,70,125,115,580,3,140,1250000,0.3,0.3,
4,Dialga,quadruped,100,120,120,100,150,90,680,3,0,1250000,5.4,683.0,
4,Palkia,bipedal_tailed,90,100,120,120,150,100,680,3,0,1250000,4.2,336.0,
4,Heatran,quadruped,91,106,90,106,130,77,600,3,100,1250000,1.7,430.0,50.0
4,Regigigas,bipedal_tailless,110,110,160,110,80,100,670,3,0,1250000,3.7,420.0,
4,Giratina,serpentine_body,150,100,120,100,120,90,680,3,0,1250000,4.5,750.0,
4,Cresselia,serpentine_body,120,120,70,130,75,85,600,3,100,1250000,1.5,85.6,0.0
4,Phione,head_arms,80,80,80,80,80,80,480,30,70,1250000,0.4,3.1,
4,Manaphy,bipedal_tailless,100,100,100,100,100,100,600,3,70,1250000,0.3,1.4,
4,Darkrai,bipedal_tailless,70,90,90,90,135,125,600,3,0,1250000,1.5,50.5,
4,Shaymin,quadruped,100,75,103,75,120,127,600,45,100,1059860,0.2,2.1,
4,Arceus,quadruped,120,120,120,120,120,120,720,3,0,1250000,3.2,320.0,
5,Victini,bipedal_tailless,100,100,100,100,100,100,600,3,100,1250000,0.4,4.0,
5,Snivy,bipedal_tailed,45,55,45,55,45,63,308,45,70,1059860,0.6,8.1,88.1
5,Servine,bipedal_tailed,60,75,60,75,60,83,413,45,70,1059860,0.8,16.0,88.1
5,Serperior,serpentine_body,75,95,75,95,75,113,528,45,70,1059860,3.3,63.0,88.1
5,Tepig,quadruped,65,45,63,45,45,45,308,45,70,1059860,0.5,9.9,88.1
5,Pignite,bipedal_tailed,90,55,93,55,70,55,418,45,70,1059860,1.0,55.5,88.1
5,Emboar,bipedal_tailed,110,65,123,65,100,65,528,45,70,1059860,1.6,150.0,88.1
5,Oshawott,bipedal_tailed,55,45,55,45,63,45,308,45,70,1059860,0.5,5.9,88.1
5,Dewott,bipedal_tailed,75,60,75,60,83,60,413,45,70,1059860,0.8,24.5,88.1
5,Samurott,quadruped,95,85,100,70,108,70,528,45,70,1059860,1.5,94.6,88.1
5,Patrat,quadruped,45,39,55,39,35,42,255,255,70,1000000,0.5,11.6,50.0
5,Watchog,bipedal_tailed,60,69,85,69,60,77,420,255,70,1000000,1.1,27.0,50.0
5,Lillipup,quadruped,45,45,60,45,25,55,275,255,70,1059860,0.4,4.1,50.0
5,Herdier,quadruped,65,65,80,65,35,60,370,120,70,1059860,0.9,14.7,50.0
5,Stoutland,quadruped,85,90,110,90,45,80,500,45,70,1059860,1.2,61.0,50.0
5,Purrloin,quadruped,41,37,50,37,50,66,281,255,70,1000000,0.4,10.1,50.0
5,Liepard,quadruped,64,50,88,50,88,106,446,90,70,1000000,1.1,37.5,50.0
5,Pansage,bipedal_tailed,50,48,53,48,53,64,316,190,70,1000000,0.6,10.5,88.1
5,Simisage,bipedal_tailed,75,63,98,63,98,101,498,75,70,1000000,1.1,30.5,88.1
5,Pansear,bipedal_tailed,50,48,53,48,53,64,316,190,70,1000000,0.6,11.0,88.1
5,Simisear,bipedal_tailed,75,63,98,63,98,101,498,75,70,1000000,1.0,28.0,88.1
5,Panpour,bipedal_tailed,50,48,53,48,53,64,316,190,70,1000000,0.6,13.5,88.1
5,Simipour,bipedal_tailed,75,63,98,63,98,101,498,75,70,1000000,1.0,29.0,88.1
5,Munna,quadruped,76,45,25,55,67,24,292,190,70,800000,0.6,23.3,50.0
5,Musharna,bipedal_tailless,116,85,55,95,107,29,487,75,70,800000,1.1,60.5,50.0
5,Pidove,two_wings,50,50,55,30,36,43,264,255,70,1059860,0.3,2.1,50.0
5,Tranquill,two_wings,62,62,77,42,50,65,358,120,70,1059860,0.6,15.0,50.0
5,Unfezant,two_wings,80,80,115,55,65,93,488,45,70,1059860,1.2,29.0,50.0
5,Blitzle,quadruped,45,32,60,32,50,76,295,190,70,1000000,0.8,29.8,50.0
5,Zebstrika,quadruped,75,63,100,63,80,116,497,75,70,1000000,1.6,79.5,50.0
5,Roggenrola,head_legs,55,85,75,25,25,15,280,255,70,1059860,0.4,18.0,50.0
5,Boldore,several_limbs,70,105,105,40,50,20,390,120,70,1059860,0.9,102.0,50.0
5,Gigalith,several_limbs,85,130,135,80,60,25,515,45,70,1059860,1.7,260.0,50.0
5,Woobat,two_wings,65,43,45,43,55,72,323,190,70,1000000,0.4,2.1,50.0
5,Swoobat,two_wings,67,55,57,55,77,114,425,45,70,1000000,0.9,10.5,50.0
5,Drilbur,bipedal_tailed,60,40,85,45,30,68,328,120,70,1000000,0.3,8.5,50.0
5,Excadrill,bipedal_tailless,110,60,135,65,50,88,508,60,70,1000000,0.7,40.4,50.0
5,Audino,bipedal_tailed,103,126,60,126,80,50,545,255,70,800000,1.1,31.0,50.0
5,Timburr,bipedal_tailless,75,55,80,35,25,35,305,180,70,1059860,0.6,12.5,75.4
5,Gurdurr,bipedal_tailless,85,85,105,50,40,40,405,90,70,1059860,1.2,40.0,75.4
5,Conkeldurr,bipedal_tailless,105,95,140,65,55,45,505,45,70,1059860,1.4,87.0,75.4
5,Tympole,with_fins,50,40,50,40,50,64,294,255,70,1059860,0.5,4.5,50.0
5,Palpitoad,bipedal_tailed,75,55,65,55,65,69,384,120,70,1059860,0.8,17.0,50.0
5,Seismitoad,bipedal_tailless,105,75,95,75,85,74,509,45,70,1059860,1.5,62.0,50.0
5,Throh,bipedal_tailless,120,85,100,85,30,45,465,45,70,1000000,1.3,55.5,100.0
5,Sawk,bipedal_tailless,75,75,125,75,30,85,465,45,70,1000000,1.4,51.0,100.0
5,Sewaddle,insectoid,45,70,53,60,40,42,310,255,70,1059860,0.3,2.5,50.0
5,Swadloon,head_arms,55,90,63,80,50,42,380,120,70,1059860,0.5,7.3,50.0
5,Leavanny,bipedal_tailless,75,80,103,80,70,92,500,45,70,1059860,1.2,20.5,50.0
5,Venipede,insectoid,30,59,45,39,30,57,260,255,70,1059860,0.4,5.3,50.0
5,Whirlipede,head_only,40,99,55,79,40,47,360,120,70,1059860,1.2,58.5,50.0
5,Scolipede,insectoid,60,89,100,69,55,112,485,45,70,1059860,2.5,200.5,50.0
5,Cottonee,head_only,40,60,27,50,37,66,280,190,70,1000000,0.3,0.6,50.0
5,Whimsicott,bipedal_tailless,60,85,67,75,77,116,480,75,70,1000000,0.7,6.6,50.0
5,Petilil,head_base,45,50,35,50,70,30,280,190,70,1000000,0.5,6.6,0.0
5,Lilligant,head_base,70,75,60,75,110,90,480,75,70,1000000,1.1,16.3,0.0
5,Basculin,with_fins,70,65,92,55,80,98,460,25,70,1000000,1.0,18.0,50.0
5,Sandile,quadruped,50,35,72,35,35,65,292,180,70,1059860,0.7,15.2,50.0
5,Krokorok,quadruped,60,45,82,45,45,74,351,90,70,1059860,1.0,33.4,50.0
5,Krookodile,bipedal_tailed,95,80,117,70,65,92,519,45,70,1059860,1.5,96.3,50.0
5,Darumaka,bipedal_tailless,70,45,90,45,15,50,315,120,70,1059860,0.6,37.5,50.0
5,Darmanitan,quadruped,105,105,30,105,140,55,540,60,70,1059860,1.3,92.9,50.0
5,Maractus,head_base,75,67,86,67,106,60,461,255,70,1000000,1.0,28.0,50.0
5,Dwebble,insectoid,50,85,65,35,35,55,325,190,70,1000000,0.3,14.5,50.0
5,Crustle,insectoid,70,125,105,75,65,45,485,75,70,1000000,1.4,200.0,50.0
5,Scraggy,bipedal_tailed,50,70,75,70,35,48,348,180,35,1000000,0.6,11.8,50.0
5,Scrafty,bipedal_tailed,65,115,90,115,45,58,488,90,70,1000000,1.1,30.0,50.0
5,Sigilyph,two_wings,72,80,58,80,103,97,490,45,70,1000000,1.4,14.0,50.0
5,Yamask,head_arms,38,85,30,65,55,30,303,190,70,1000000,0.5,1.5,50.0
5,Cofagrigus,head_base,58,145,50,105,95,30,483,90,70,1000000,1.7,76.5,50.0
5,Tirtouga,quadruped,54,103,78,45,53,22,355,45,70,1000000,0.7,16.5,88.1
5,Carracosta,bipedal_tailed,74,133,108,65,83,32,495,45,70,1000000,1.2,81.0,88.1
5,Archen,two_wings,55,45,112,45,74,70,401,45,70,1000000,0.5,9.5,88.1
5,Archeops,two_wings,75,65,140,65,112,110,567,45,70,1000000,1.4,32.0,88.1
5,Trubbish,bipedal_tailless,50,62,50,62,40,65,329,190,70,1000000,0.6,31.0,50.0
5,Garbodor,bipedal_tailless,80,82,95,82,60,75,474,60,70,1000000,1.9,107.3,50.0
5,Zorua,quadruped,40,40,65,40,80,65,330,75,70,1059860,0.7,12.5,88.1
5,Zoroark,bipedal_tailed,60,60,105,60,120,105,510,45,70,1059860,1.6,81.1,88.1
5,Minccino,quadruped,55,40,50,40,40,75,300,255,70,800000,0.4,5.8,24.6
5,Cinccino,quadruped,75,60,95,60,65,115,470,60,70,800000,0.5,7.5,24.6
5,Gothita,bipedal_tailless,45,50,30,65,55,45,290,200,70,1059860,0.4,5.8,24.6
5,Gothorita,bipedal_tailless,60,70,45,85,75,55,390,100,70,1059860,0.7,18.0,24.6
5,Gothitelle,bipedal_tailless,70,95,55,110,95,65,490,50,70,1059860,1.5,44.0,24.6
5,Solosis,head_only,45,40,30,50,105,20,290,200,70,1059860,0.3,1.0,50.0
5,Duosion,head_only,65,50,40,60,125,30,370,100,70,1059860,0.6,8.0,50.0
5,Reuniclus,head_arms,110,75,65,85,125,30,490,50,70,1059860,1.0,20.1,50.0
5,Ducklett,two_wings,62,50,44,50,44,55,305,190,70,1000000,0.5,5.5,50.0
5,Swanna,two_wings,75,63,87,63,87,98,473,45,70,1000000,1.3,24.2,50.0
5,Vanillite,head_base,36,50,50,60,65,44,305,255,70,1250000,0.4,5.7,50.0
5,Vanillish,head_base,51,65,65,75,80,59,395,120,70,1250000,1.1,41.0,50.0
5,Vanilluxe,multiple_bodies,71,85,95,95,110,79,535,45,70,1250000,1.3,57.5,50.0
5,Deerling,quadruped,60,50,60,50,40,75,335,190,70,1000000,0.6,19.5,50.0
5,Sawsbuck,quadruped,80,70,100,70,60,95,475,75,70,1000000,1.9,92.5,50.0
5,Emolga,quadruped,55,60,75,60,75,103,428,200,70,1000000,0.4,5.0,50.0
5,Karrablast,bipedal_tailless,50,45,75,45,40,60,315,200,70,1000000,0.5,5.9,50.0
5,Escavalier,head_arms,70,105,135,105,60,20,495,75,70,1000000,1.0,33.0,50.0
5,Foongus,head_arms,69,45,55,55,55,15,294,190,70,1000000,0.2,1.0,50.0
5,Amoonguss,head_arms,114,70,85,80,85,30,464,75,70,1000000,0.6,10.5,50.0
5,Frillish,several_limbs,55,50,40,85,65,40,335,190,70,1000000,1.2,33.0,50.0
5,Jellicent,several_limbs,100,70,60,105,85,60,480,60,70,1000000,2.2,135.0,50.0
5,Alomomola,with_fins,165,80,75,45,40,65,470,75,70,800000,1.2,31.6,50.0
5,Joltik,insectoid,50,50,47,50,57,65,319,190,70,1000000,0.1,0.6,50.0
5,Galvantula,insectoid,70,60,77,60,97,108,472,75,70,1000000,0.8,14.3,50.0
5,Ferroseed,head_only,44,91,50,86,24,10,305,255,70,1000000,0.6,18.8,50.0
5,Ferrothorn,several_limbs,74,131,94,116,54,20,489,90,70,1000000,1.0,110.0,50.0
5,Klink,multiple_bodies,40,70,55,60,45,30,300,130,70,1059860,0.3,21.0,
5,Klang,multiple_bodies,60,95,80,85,70,50,440,60,70,1059860,0.6,51.0,
5,Klinklang,multiple_bodies,60,115,100,85,70,90,520,30,70,1059860,0.6,81.0,
5,Tynamo,with_fins,35,40,55,40,45,60,275,190,70,1250000,0.2,0.3,50.0
5,Eelektrik,with_fins,65,70,85,70,75,40,405,60,70,1250000,1.2,22.0,50.0
5,Eelektross,with_fins,85,80,115,80,105,50,515,30,70,1250000,2.1,80.5,50.0
5,Elgyem,bipedal_tailed,55,55,55,55,85,30,335,255,70,1000000,0.5,9.0,50.0
5,Beheeyem,bipedal_tailless,75,75,75,95,125,40,485,90,70,1000000,1.0,34.5,50.0
5,Litwick,head_base,50,55,30,55,65,20,275,190,70,1059860,0.3,3.1,50.0
5,Lampent,head_arms,60,60,40,60,95,55,370,90,70,1059860,0.6,13.0,50.0
5,Chandelure,head_arms,60,90,55,90,145,80,520,45,70,1059860,1.0,34.3,50.0
5,Axew,bipedal_tailed,46,60,87,40,30,57,320,75,35,1250000,0.6,18.0,50.0
5,Fraxure,bipedal_tailed,66,70,117,50,40,67,410,60,35,1250000,1.0,36.0,50.0
5,Haxorus,bipedal_tailed,76,90,147,70,60,97,540,45,35,1250000,1.8,105.5,50.0
5,Cubchoo,bipedal_tailed,55,40,70,40,60,40,305,120,70,1000000,0.5,8.5,50.0
5,Beartic,quadruped,95,80,130,80,70,50,505,60,70,1000000,2.6,260.0,50.0
5,Cryogonal,head_only,80,50,50,135,95,105,515,25,70,1000000,1.1,148.0,
5,Shelmet,head_only,50,85,40,65,40,25,305,200,70,1000000,0.4,7.7,50.0
5,Accelgor,head_arms,80,40,70,60,100,145,495,75,70,1000000,0.8,25.3,50.0
5,Stunfisk,with_fins,109,84,66,99,81,32,471,75,70,1000000,0.7,11.0,50.0
5,Mienfoo,bipedal_tailed,45,50,85,50,55,65,350,180,70,1059860,0.9,20.0,50.0
5,Mienshao,bipedal_tailed,65,60,125,60,95,105,510,45,70,1059860,1.4,35.5,50.0
5,Druddigon,bipedal_tailed,77,90,120,90,60,48,485,45,70,1000000,1.6,139.0,50.0
5,Golett,bipedal_tailless,59,50,74,50,35,35,303,190,70,1000000,1.0,92.0,
5,Golurk,bipedal_tailless,89,80,124,80,55,55,483,90,70,1000000,2.8,330.0,
5,Pawniard,bipedal_tailless,45,70,85,40,40,60,340,120,35,1000000,0.5,10.2,50.0
5,Bisharp,bipedal_tailless,65,100,125,70,60,70,490,45,35,1000000,1.6,70.0,50.0
5,Bouffalant,quadruped,95,95,110,95,40,55,490,45,70,1000000,1.6,94.6,50.0
5,Rufflet,two_wings,70,50,83,50,37,60,350,190,70,1250000,0.5,10.5,100.0
5,Braviary,two_wings,100,75,123,75,57,80,510,60,70,1250000,1.5,41.0,100.0
5,Vullaby,two_wings,70,75,55,65,45,60,370,190,35,1250000,0.5,9.0,0.0
5,Mandibuzz,two_wings,110,105,65,95,55,80,510,60,35,1250000,1.2,39.5,0.0
5,Heatmor,bipedal_tailed,85,66,97,66,105,65,484,90,70,1000000,1.4,58.0,50.0
5,Durant,insectoid,58,112,109,48,48,109,484,90,70,1000000,0.3,33.0,50.0
5,Deino,quadruped,52,50,65,50,45,38,300,45,35,1250000,0.8,17.3,50.0
5,Zweilous,quadruped,72,70,85,70,65,58,420,45,35,1250000,1.4,50.0,50.0
5,Hydreigon,bipedal_tailed,92,90,105,90,125,98,600,45,35,1250000,1.8,160.0,50.0
5,Larvesta,insectoid,55,55,85,55,50,60,360,45,70,1250000,1.1,28.8,50.0
5,Volcarona,four_wings,85,65,60,105,135,100,550,15,70,1250000,1.6,46.0,50.0
5,Cobalion,quadruped,91,129,90,72,90,108,580,3,35,1250000,2.1,250.0,
5,Terrakion,quadruped,91,90,129,90,72,108,580,3,35,1250000,1.9,260.0,
5,Virizion,quadruped,91,72,90,129,90,108,580,3,35,1250000,2.0,200.0,
5,Tornadus,head_arms,79,80,100,90,110,121,580,3,90,1250000,1.5,63.0,100.0
5,Thundurus,head_arms,79,70,105,80,145,101,580,3,90,1250000,1.5,61.0,100.0
5,Reshiram,two_wings,100,100,120,120,150,90,680,3,0,1250000,3.2,330.0,
5,Zekrom,bipedal_tailed,100,120,150,100,120,90,680,3,0,1250000,2.9,345.0,
5,Landorus,head_arms,89,90,145,80,105,91,600,3,90,1250000,1.5,68.0,100.0
5,Kyurem,bipedal_tailed,125,90,120,100,170,95,700,3,0,1250000,3.0,325.0,
5,Keldeo,quadruped,91,90,72,90,129,108,580,3,35,1250000,1.4,48.5,
5,Meloetta,bipedal_tailless,100,90,128,77,77,128,600,3,100,1250000,0.6,6.5,
5,Genesect,bipedal_tailless,71,95,120,95,120,99,600,3,0,1250000,1.5,82.5,
6,Chespin,bipedal_tailed,56,65,61,45,48,38,313,45,70,1059860,0.4,9.0,88.1
6,Quilladin,bipedal_tailed,61,95,78,58,56,57,405,45,70,1059860,0.7,29.0,88.1
6,Chesnaught,bipedal_tailed,88,122,107,75,74,64,530,45,70,1059860,1.6,90.0,88.1
6,Fennekin,quadruped,40,40,45,60,62,60,307,45,70,1059860,0.4,9.4,88.1
6,Braixen,bipedal_tailed,59,58,59,70,90,73,409,45,70,1059860,1.0,14.5,88.1
6,Delphox,bipedal_tailed,75,72,69,100,114,104,534,45,70,1059860,1.5,39.0,88.1
6,Froakie,quadruped,41,40,56,44,62,71,314,45,70,1059860,0.3,7.0,88.1
6,Frogadier,bipedal_tailless,54,52,63,56,83,97,405,45,70,1059860,0.6,10.9,88.1
6,Greninja,bipedal_tailless,72,67,145,71,153,132,640,45,70,1059860,1.5,40.0,88.1
6,Bunnelby,bipedal_tailed,38,38,36,36,32,57,237,255,70,1000000,0.4,5.0,50.0
6,Diggersby,bipedal_tailed,85,77,56,77,50,78,423,127,70,1000000,1.0,42.4,50.0
6,Fletchling,two_wings,45,43,50,38,40,62,278,255,70,1059860,0.3,1.7,50.0
6,Fletchinder,two_wings,62,55,73,52,56,84,382,120,70,1059860,0.7,16.0,50.0
6,Talonflame,two_wings,78,71,81,69,74,126,499,45,70,1059860,1.2,24.5,50.0
6,Scatterbug,insectoid,38,40,35,25,27,35,200,255,70,1000000,0.3,2.5,50.0
6,Spewpa,head_base,45,60,22,30,27,29,213,120,70,1000000,0.3,8.4,50.0
6,Vivillon,four_wings,80,50,52,50,90,89,411,45,70,1000000,1.2,17.0,50.0
6,Litleo,quadruped,62,58,50,54,73,72,369,220,70,1059860,0.6,13.5,11.2
6,Pyroar,quadruped,86,72,68,66,109,106,507,65,70,1059860,1.5,81.5,11.2
6,Flabébé,head_arms,44,39,38,79,61,42,303,225,70,1000000,0.1,0.1,0.0
6,Floette,head_arms,74,67,65,128,125,92,551,120,70,1000000,0.2,0.9,0.0
6,Florges,head_arms,78,68,65,154,112,75,552,45,70,1000000,1.1,10.0,0.0
6,Skiddo,quadruped,66,48,65,57,62,52,350,200,70,1000000,0.9,31.0,50.0
6,Gogoat,quadruped,123,62,100,81,97,68,531,45,70,1000000,1.7,91.0,50.0
6,Pancham,bipedal_tailed,67,62,82,48,46,43,348,220,70,1000000,0.6,8.0,50.0
6,Pangoro,bipedal_tailless,95,78,124,71,69,58,495,65,70,1000000,2.1,136.0,50.0
6,Furfrou,quadruped,75,60,80,90,65,102,472,160,70,1000000,1.2,28.0,50.0
6,Espurr,bipedal_tailed,62,54,48,60,63,68,355,190,70,1000000,0.3,3.5,50.0
6,Meowstic,bipedal_tailed,74,76,48,81,83,104,466,75,70,1000000,0.6,8.5,50.0
6,Honedge,head_base,45,100,80,37,35,28,325,180,70,1000000,0.8,2.0,50.0
6,Doublade,multiple_bodies,59,150,110,49,45,35,448,90,70,1000000,0.8,4.5,50.0
6,Aegislash,head_base,60,50,150,50,150,60,520,45,70,1000000,1.7,53.0,50.0
6,Spritzee,head_arms,78,60,52,65,63,23,341,200,70,1000000,0.2,0.5,50.0
6,Aromatisse,bipedal_tailless,101,72,72,89,99,29,462,140,70,1000000,0.8,15.5,50.0
6,Swirlix,head_legs,62,66,48,57,59,49,341,200,70,1000000,0.4,3.5,50.0
6,Slurpuff,bipedal_tailless,82,86,80,75,85,72,480,140,70,1000000,0.8,5.0,50.0
6,Inkay,several_limbs,53,53,54,46,37,45,288,190,70,1000000,0.4,3.5,50.0
6,Malamar,head_base,86,88,92,75,68,73,482,80,70,1000000,1.5,47.0,50.0
6,Binacle,multiple_bodies,42,67,52,56,39,50,306,120,70,1000000,0.5,31.0,50.0
6,Barbaracle,multiple_bodies,72,115,105,86,54,68,500,45,70,1000000,1.3,96.0,50.0
6,Skrelp,head_base,50,60,60,60,60,30,320,225,70,1000000,0.5,7.3,50.0
6,Dragalge,head_base,65,90,75,123,97,44,494,55,70,1000000,1.8,81.5,50.0
6,Clauncher,insectoid,50,62,53,63,58,44,330,225,70,1250000,0.5,8.3,50.0
6,Clawitzer,serpentine_body,71,88,73,89,120,59,500,55,70,1250000,1.3,35.3,50.0
6,Helioptile,bipedal_tailed,44,33,38,43,61,70,289,190,70,1000000,0.5,6.0,50.0
6,Heliolisk,bipedal_tailed,62,52,55,94,109,109,481,75,70,1000000,1.0,21.0,50.0
6,Tyrunt,bipedal_tailed,58,77,89,45,45,48,362,45,70,1000000,0.8,26.0,88.1
6,Tyrantrum,bipedal_tailed,82,119,121,59,69,71,521,45,70,1000000,2.5,270.0,88.1
6,Amaura,quadruped,77,50,59,63,67,46,362,45,70,1000000,1.3,25.2,88.1
6,Aurorus,quadruped,123,72,77,92,99,58,521,45,70,1000000,2.7,225.0,88.1
6,Sylveon,quadruped,95,65,65,130,110,60,525,45,70,1000000,1.0,23.5,88.1
6,Hawlucha,bipedal_tailless,78,75,92,63,74,118,500,100,70,1000000,0.8,21.5,50.0
6,Dedenne,bipedal_tailed,67,57,58,67,81,101,431,180,70,1000000,0.2,2.2,50.0
6,Carbink,head_only,50,150,50,150,50,50,500,60,70,1250000,0.3,5.7,
6,Goomy,serpentine_body,45,35,50,75,55,40,300,45,35,1250000,0.3,2.8,50.0
6,Sliggoo,serpentine_body,68,53,75,113,83,60,452,45,35,1250000,0.8,17.5,50.0
6,Goodra,bipedal_tailed,90,70,100,150,110,80,600,45,35,1250000,2.0,150.5,50.0
6,Klefki,head_only,57,91,80,87,80,75,470,75,70,800000,0.2,3.0,50.0
6,Phantump,head_arms,43,48,70,60,50,38,309,120,70,1000000,0.4,7.0,50.0
6,Trevenant,several_limbs,85,76,110,82,65,56,474,60,70,1000000,1.5,71.0,50.0
6,Pumpkaboo,head_only,59,70,66,55,44,41,335,120,70,1000000,0.8,15.0,50.0
6,Gourgeist,head_base,85,122,100,75,58,54,494,60,70,1000000,1.7,39.0,50.0
6,Bergmite,quadruped,55,85,69,35,32,28,304,190,70,1000000,1.0,99.5,50.0
6,Avalugg,quadruped,95,184,117,46,44,28,514,55,70,1000000,2.0,505.0,50.0
6,Noibat,two_wings,40,35,30,40,45,55,245,190,70,1000000,0.5,8.0,50.0
6,Noivern,two_wings,85,80,70,80,97,123,535,45,70,1000000,1.5,85.0,50.0
6,Xerneas,quadruped,126,95,131,98,131,99,680,45,0,1250000,3.0,215.0,
6,Yveltal,two_wings,126,95,131,98,131,99,680,45,0,1250000,5.8,203.0,
6,Zygarde,serpentine_body,216,121,100,95,91,85,708,3,0,1250000,5.0,284.6,
6,Diancie,head_arms,50,110,160,110,160,110,700,3,70,1250000,0.7,8.8,
6,Hoopa,head_only,80,60,160,130,170,80,680,3,100,1250000,,,
6,Volcanion,quadruped,80,120,110,90,130,70,600,3,100,1250000,1.7,195.0,
